City_ID,City,Country,Date,Lat,Lng,Max Temp,Humidity,Cloudiness,Wind Speed
0,Rikitea,PF,2021-03-24 20:27:09,-23.1203,-134.9692,79.59,66,0,12.48
1,Kibala,TD,2021-03-24 20:30:48,9.1104,18.3463,91.4,35,0,4.61
2,Hobart,AU,2021-03-24 20:26:58,-42.8794,147.3294,61.0,100,75,8.05
3,Tuktoyaktuk,CA,2021-03-24 20:30:48,69.4541,-133.0374,-2.2,78,40,8.05
4,Bluff,NZ,2021-03-24 20:30:49,-46.6,168.3333,50.0,96,13,1.99
5,Tupik,RU,2021-03-24 20:30:49,54.4253,119.9327,2.23,97,31,1.79
6,Mitsamiouli,KM,2021-03-24 20:30:49,-11.3847,43.2844,82.76,70,42,1.23
7,Winnemucca,US,2021-03-24 20:30:50,40.973,-117.7357,48.2,23,1,10.36
8,Jamestown,US,2021-03-24 20:30:07,42.097,-79.2353,66.2,55,40,12.41
9,Tuy Hoa,VN,2021-03-24 20:30:50,13.0833,109.3,73.56,92,100,3.74
10,Okhotsk,RU,2021-03-24 20:30:50,59.3833,143.3,-5.64,98,68,0.51
11,Katsuura,JP,2021-03-24 20:30:50,35.1333,140.3,57.2,67,75,11.5
12,Alice Springs,AU,2021-03-24 20:30:51,-23.7,133.8833,62.6,94,4,3.44
13,Vaini,TO,2021-03-24 20:30:51,-21.2,-175.2,77.0,94,75,11.5
14,Barrow,US,2021-03-24 20:30:51,71.2906,-156.7887,-9.4,70,1,8.05
15,Ongandjera,NA,2021-03-24 20:30:52,-17.8833,15.0667,79.92,50,76,5.19
16,Punta Arenas,CL,2021-03-24 20:26:36,-53.15,-70.9167,50.0,62,40,23.02
17,Dunedin,NZ,2021-03-24 20:26:36,-45.8742,170.5036,54.0,93,100,8.19
18,Norman Wells,CA,2021-03-24 20:30:52,65.282,-126.8329,6.8,56,75,6.91
19,Kannur,IN,2021-03-24 20:30:52,11.8675,75.3576,79.11,85,10,4.12
20,Cherskiy,RU,2021-03-24 20:30:53,68.75,161.3,-1.95,97,100,2.95
21,Thompson,CA,2021-03-24 20:30:53,55.7435,-97.8558,12.2,48,20,10.36
22,Flinders,AU,2021-03-24 20:30:53,-34.5833,150.8552,69.01,72,56,1.99
23,Itarema,BR,2021-03-24 20:30:54,-2.9248,-39.9167,78.71,80,90,9.48
24,Lavrentiya,RU,2021-03-24 20:30:54,65.5833,-171.0,14.63,93,73,1.1
25,Port Alfred,ZA,2021-03-24 20:30:54,-33.5906,26.891,70.3,81,100,18.28
26,Iqaluit,CA,2021-03-24 20:30:54,63.7506,-68.5145,-16.01,63,40,2.3
27,Kavieng,PG,2021-03-24 20:30:55,-2.5744,150.7967,80.55,77,91,7.16
28,Busselton,AU,2021-03-24 20:30:55,-33.65,115.3333,46.99,95,0,6.64
29,Hasaki,JP,2021-03-24 20:30:55,35.7333,140.8333,50.0,87,75,2.3
30,Hay River,CA,2021-03-24 20:30:55,60.8156,-115.7999,-4.0,65,100,6.91
31,Kaeo,NZ,2021-03-24 20:30:56,-35.1,173.7833,57.99,96,0,4.0
32,Lebu,CL,2021-03-24 20:30:56,-37.6167,-73.65,57.24,63,0,16.98
33,Kampot,KH,2021-03-24 20:30:56,10.6167,104.1833,82.4,74,20,8.05
34,Anchorage,US,2021-03-24 20:28:56,61.2181,-149.9003,32.0,59,40,4.61
35,Ambulu,ID,2021-03-24 20:30:57,-8.345,113.6058,75.07,89,100,2.93
36,Cidreira,BR,2021-03-24 20:30:57,-30.1811,-50.2056,74.05,72,72,9.28
37,Ushuaia,AR,2021-03-24 20:30:57,-54.8,-68.3,44.6,76,75,37.98
38,Dudinka,RU,2021-03-24 20:30:57,69.4058,86.1778,20.32,95,100,11.12
39,Bubaque,GW,2021-03-24 20:30:58,11.2833,-15.8333,78.01,66,32,17.78
40,Sechura,PE,2021-03-24 20:30:58,-5.5569,-80.8222,81.52,57,87,13.2
41,Carnarvon,AU,2021-03-24 20:30:58,-24.8667,113.6333,73.4,78,40,18.41
42,Albany,US,2021-03-24 20:30:38,42.6001,-73.9662,54.0,76,100,10.71
43,Atuona,PF,2021-03-24 20:30:59,-9.8,-139.0333,80.58,76,100,19.19
44,Kupang,ID,2021-03-24 20:30:59,-10.1667,123.5833,77.36,86,74,2.51
45,Port Lincoln,AU,2021-03-24 20:30:59,-34.7333,135.8667,59.59,75,19,10.4
46,Najran,SA,2021-03-24 20:31:00,17.4924,44.1277,73.4,17,0,4.88
47,Lorengau,PG,2021-03-24 20:31:00,-2.0226,147.2712,80.06,81,100,8.55
48,Chuy,UY,2021-03-24 20:31:00,-33.6971,-53.4616,71.28,69,15,9.01
49,Tairua,NZ,2021-03-24 20:31:01,-37.0167,175.85,66.0,69,10,5.01
50,Bambous Virieux,MU,2021-03-24 20:31:01,-20.3428,57.7575,78.01,94,20,5.75
51,Yara,CU,2021-03-24 20:31:01,20.2753,-76.9533,87.62,48,55,6.55
52,Chiang Klang,TH,2021-03-24 20:31:02,19.2938,100.8617,82.0,56,49,1.77
53,Grand Gaube,MU,2021-03-24 20:31:02,-20.0064,57.6608,78.01,85,100,9.08
54,Husavik,IS,2021-03-24 20:31:02,66.0449,-17.3389,35.6,60,75,8.05
55,Sobolevo,RU,2021-03-24 20:31:02,54.4299,31.8996,21.94,92,61,3.74
56,Agogo,GH,2021-03-24 20:31:03,6.8,-1.0819,75.63,77,77,3.89
57,Olafsvik,IS,2021-03-24 20:31:03,64.8945,-23.7142,32.34,69,97,20.47
58,Victoria,HK,2021-03-24 20:28:28,22.2855,114.1577,71.01,75,0,1.01
59,Yhu,PY,2021-03-24 20:31:03,-25.05,-55.9167,74.21,84,95,2.62
60,Upernavik,GL,2021-03-24 20:31:04,72.7868,-56.1549,-17.66,92,92,3.69
61,Uray,RU,2021-03-24 20:31:04,60.1247,64.7758,18.05,96,79,6.58
62,Puerto Ayora,EC,2021-03-24 20:31:04,-0.7393,-90.3518,82.4,78,40,11.5
63,Lata,PT,2021-03-24 20:31:04,40.1629,-8.3327,55.0,79,50,1.36
64,Salvador,SV,2021-03-24 20:31:05,13.8333,-88.9167,87.8,54,40,13.8
65,Jiaozuo,CN,2021-03-24 20:31:05,35.2397,113.2331,54.57,37,100,5.77
66,Mataura,NZ,2021-03-24 20:31:05,-46.1927,168.8643,50.0,96,12,1.99
67,Alofi,NU,2021-03-24 20:31:06,-19.0595,-169.9187,82.4,83,40,6.91
68,Bredasdorp,ZA,2021-03-24 20:31:06,-34.5322,20.0403,64.4,88,100,8.05
69,New Norfolk,AU,2021-03-24 20:31:06,-42.7826,147.0587,61.0,89,100,5.61
70,Ixtlan,MX,2021-03-24 20:31:06,20.1833,-102.4,87.53,7,16,11.5
71,Cabo San Lucas,MX,2021-03-24 20:29:05,22.8909,-109.9124,77.0,49,75,17.27
72,Mahebourg,MU,2021-03-24 20:31:07,-20.4081,57.7,75.2,94,20,5.75
73,Lagoa,PT,2021-03-24 20:31:07,39.05,-27.9833,56.37,61,17,3.83
74,Columbia,US,2021-03-24 20:27:51,34.0007,-81.0348,75.0,56,75,7.83
75,Blagoyevo,RU,2021-03-24 20:31:07,63.3667,47.9167,34.11,97,100,10.98
76,Kazanskoye,RU,2021-03-24 20:31:08,55.6448,69.235,26.38,93,100,13.29
77,Cape Town,ZA,2021-03-24 20:31:08,-33.9258,18.4232,70.0,77,0,10.36
78,Kieta,PG,2021-03-24 20:31:08,-6.2167,155.6333,80.87,77,97,1.34
79,Hithadhoo,MV,2021-03-24 20:31:08,-0.6,73.0833,82.51,74,100,11.16
80,Butaritari,KI,2021-03-24 20:31:09,3.0707,172.7902,81.59,80,46,17.52
81,Qaanaaq,GL,2021-03-24 20:31:09,77.484,-69.3632,-19.43,64,21,5.61
82,Kyakhta,RU,2021-03-24 20:31:09,50.3508,106.4494,24.98,93,100,4.32
83,Mirnyy,RU,2021-03-24 20:31:10,62.5353,113.9611,-14.17,100,100,2.98
84,Hilo,US,2021-03-24 20:31:10,19.7297,-155.09,78.8,73,90,8.05
85,Komsomolskiy,UZ,2021-03-24 20:31:10,40.4272,71.7189,60.8,33,3,9.22
86,Saint George,US,2021-03-24 20:30:16,37.1041,-113.5841,57.2,23,1,5.75
87,Bow Island,CA,2021-03-24 20:30:03,49.8668,-111.3684,50.0,29,100,10.36
88,Tasiilaq,GL,2021-03-24 20:31:11,65.6145,-37.6368,6.8,66,40,13.8
89,Bengkulu,ID,2021-03-24 20:31:11,-3.8004,102.2655,76.57,84,100,3.71
90,Avarua,CK,2021-03-24 20:31:11,-21.2078,-159.775,86.0,79,20,16.11
91,Hermanus,ZA,2021-03-24 20:31:11,-34.4187,19.2345,66.99,82,5,5.01
92,Torva,EE,2021-03-24 20:31:12,58.0028,25.935,39.99,81,90,11.5
93,Torbay,CA,2021-03-24 20:31:12,47.6666,-52.7314,53.6,40,40,14.97
94,Priargunsk,RU,2021-03-24 20:31:12,50.3691,119.1012,29.68,93,97,2.57
95,East London,ZA,2021-03-24 20:31:13,-33.0153,27.9116,69.08,84,100,12.53
96,Yellowknife,CA,2021-03-24 20:31:13,62.456,-114.3525,9.0,51,1,8.05
97,Clyde River,CA,2021-03-24 20:31:13,70.4692,-68.5914,-9.4,77,40,14.97
98,Sakakah,SA,2021-03-24 20:31:13,29.9697,40.2064,68.0,17,0,11.5
99,Charlestown,AU,2021-03-24 20:30:27,-32.95,151.6667,66.0,77,88,1.99
100,Evergem,BE,2021-03-24 20:30:47,51.1455,3.7118,48.0,79,100,5.93
101,Popondetta,PG,2021-03-24 20:31:14,-8.7537,148.2534,74.32,91,100,2.73
102,Port Elizabeth,ZA,2021-03-24 20:31:14,-33.918,25.5701,68.0,83,75,9.22
103,Castro,BR,2021-03-24 20:31:14,-24.7911,-50.0119,73.6,73,98,1.16
104,Porbandar,IN,2021-03-24 20:31:15,21.6422,69.6093,78.57,50,0,5.77
105,Poum,NC,2021-03-24 20:31:15,-20.2333,164.0167,80.13,74,55,19.04
106,Tual,ID,2021-03-24 20:31:15,-5.6667,132.75,82.53,76,100,4.0
107,Bani,DO,2021-03-24 20:31:16,18.2833,-70.3333,86.0,62,40,11.5
108,Lashio,MM,2021-03-24 20:31:16,22.9333,97.75,62.69,34,1,1.34
109,Kapaa,US,2021-03-24 20:31:16,22.0752,-159.319,79.0,69,40,8.05
110,Tanggu,CN,2021-03-24 20:31:16,39.0211,117.6469,41.0,65,0,2.24
111,Hakodate,JP,2021-03-24 20:30:38,41.7758,140.7367,44.55,87,100,2.91
112,Belmonte,BR,2021-03-24 20:31:17,-15.8631,-38.8828,82.4,65,40,12.66
113,Makakilo City,US,2021-03-24 20:31:17,21.3469,-158.0858,78.8,83,75,11.5
114,Longyearbyen,SJ,2021-03-24 20:31:17,78.2186,15.6401,26.6,68,75,11.5
115,Krasnoselkup,RU,2021-03-24 20:31:18,65.7,82.4667,17.69,97,94,7.05
116,Mar Del Plata,AR,2021-03-24 20:26:34,-38.0023,-57.5575,73.4,88,20,8.05
117,Catanzaro,IT,2021-03-24 20:31:18,38.8908,16.5987,53.6,50,90,6.91
118,Salalah,OM,2021-03-24 20:31:18,17.0151,54.0924,78.8,83,20,2.3
119,Domoni,KM,2021-03-24 20:31:18,-12.2569,44.5319,81.03,79,57,0.98
120,Port-Cartier,CA,2021-03-24 20:31:19,50.0334,-66.8654,41.0,42,75,13.8
121,Kodiak,US,2021-03-24 20:31:19,57.79,-152.4072,42.8,56,40,3.44
122,Yaya,RU,2021-03-24 20:31:19,56.206,86.44,24.08,92,100,16.37
123,Hobyo,SO,2021-03-24 20:31:20,5.3505,48.5268,78.21,63,0,12.17
124,Kruisfontein,ZA,2021-03-24 20:31:20,-34.0033,24.7314,70.0,77,100,4.0
125,Boyolangu,ID,2021-03-24 20:31:20,-8.1181,111.8935,74.48,92,90,2.04
126,Vardo,NO,2021-03-24 20:31:20,70.3705,31.1107,33.8,86,99,9.22
127,Kotido,UG,2021-03-24 20:31:21,2.9806,34.1331,76.44,36,26,11.9
128,Hami,CN,2021-03-24 20:31:21,42.8,93.45,47.19,40,89,13.73
129,Zyryanka,RU,2021-03-24 20:31:21,65.75,150.85,-4.68,95,100,10.85
130,Arcata,US,2021-03-24 20:31:22,40.8665,-124.0828,55.99,71,75,16.11
131,Boca Do Acre,BR,2021-03-24 20:31:22,-8.7522,-67.3978,82.83,73,83,3.67
132,Jalu,LY,2021-03-24 20:31:22,29.0331,21.5482,54.12,45,0,12.01
133,Rafaela,AR,2021-03-24 20:31:22,-31.2503,-61.4867,77.0,63,51,3.0
134,Yumen,CN,2021-03-24 20:31:23,40.2833,97.2,45.95,18,100,13.31
135,Saint-Philippe,RE,2021-03-24 20:31:23,-21.3585,55.7679,77.0,88,0,5.75
136,Iskateley,RU,2021-03-24 20:31:23,67.6803,53.1512,25.16,93,100,11.63
137,Praia,CV,2021-03-24 20:31:23,14.9215,-23.5087,69.8,78,0,17.27
138,Nuevo San Juan Parangaricutiro,MX,2021-03-24 20:31:24,19.4,-102.1333,75.2,31,1,11.5
139,Grants,US,2021-03-24 20:31:24,35.1473,-107.8514,32.0,80,90,14.97
140,Beyneu,KZ,2021-03-24 20:31:24,45.3167,55.2,54.84,70,66,20.04
141,Saskylakh,RU,2021-03-24 20:31:25,71.9167,114.0833,-8.55,94,100,7.05
142,Moses Lake,US,2021-03-24 20:31:25,47.1301,-119.2781,51.8,50,90,14.97
143,Carauari,BR,2021-03-24 20:31:25,-4.8828,-66.8958,82.31,74,88,2.35
144,Koslan,RU,2021-03-24 20:31:25,63.4564,48.8989,33.82,97,100,10.67
145,Nikolskoye,RU,2021-03-24 20:31:26,59.7035,30.7861,37.99,81,90,11.18
146,Leningradskiy,RU,2021-03-24 20:31:26,69.3833,178.4167,-5.12,95,100,11.12
147,Kudymkar,RU,2021-03-24 20:31:26,59.0173,54.656,29.89,91,99,6.87
148,Biak,ID,2021-03-24 20:31:26,-0.9131,122.8766,76.14,84,100,0.85
149,Rochegda,RU,2021-03-24 20:31:27,62.8,43.25,35.4,92,100,10.58
150,Arraial Do Cabo,BR,2021-03-24 20:31:27,-22.9661,-42.0278,84.2,74,0,6.91
151,Namibe,AO,2021-03-24 20:31:27,-15.1961,12.1522,72.91,80,100,6.15
152,Old Saybrook,US,2021-03-24 20:31:28,41.2918,-72.3762,55.0,84,100,3.0
153,Huarmey,PE,2021-03-24 20:31:28,-10.0681,-78.1522,75.97,70,84,9.73
154,Padang,ID,2021-03-24 20:31:28,-0.9492,100.3543,77.0,94,40,2.3
155,Bontang,ID,2021-03-24 20:31:28,0.1333,117.5,77.16,87,95,4.05
156,Pevek,RU,2021-03-24 20:31:29,69.7008,170.3133,-17.64,96,100,5.41
157,Pacific Grove,US,2021-03-24 20:31:29,36.6177,-121.9166,66.99,22,1,8.05
158,Edgewater,US,2021-03-24 20:31:29,28.9889,-80.9023,84.99,64,1,14.97
159,Pavino,RU,2021-03-24 20:31:30,59.1139,46.1414,32.85,98,100,8.5
160,Alamogordo,US,2021-03-24 20:31:30,32.8995,-105.9603,55.0,46,40,7.52
161,Pascagoula,US,2021-03-24 20:28:50,30.3658,-88.5561,77.0,61,1,11.5
162,Khatanga,RU,2021-03-24 20:31:31,71.9667,102.5,-3.89,94,100,2.86
163,Nova Olimpia,BR,2021-03-24 20:31:31,-14.7972,-57.2881,82.08,75,10,3.47
164,Tiksi,RU,2021-03-24 20:31:32,71.6872,128.8694,-27.6,99,75,4.25
165,Bandarbeyla,SO,2021-03-24 20:31:32,9.4942,50.8122,76.98,61,0,6.62
166,Murmashi,RU,2021-03-24 20:31:32,68.8154,32.8115,35.6,93,0,2.24
167,Fortuna,US,2021-03-24 20:31:33,40.5982,-124.1573,54.0,81,20,18.41
168,Rosetta,EG,2021-03-24 20:31:33,31.4044,30.4164,55.4,82,40,6.91
169,Nanfeng,CN,2021-03-24 20:31:34,23.7434,111.7959,66.45,79,69,1.41
170,Bonoua,CI,2021-03-24 20:31:34,5.2741,-3.595,78.8,83,0,2.3
171,Tak,TH,2021-03-24 20:31:34,16.5833,98.8333,70.16,72,81,1.36
172,Svetlogorsk,BY,2021-03-24 20:31:34,52.6333,29.7333,27.54,85,6,3.6
173,Ikwiriri,TZ,2021-03-24 20:31:35,-7.9562,38.9716,73.02,97,6,1.43
174,Luderitz,NA,2021-03-24 20:31:35,-26.6481,15.1594,66.74,77,0,9.33
175,Dikson,RU,2021-03-24 20:31:35,73.5069,80.5464,-8.19,100,85,4.38
176,Paamiut,GL,2021-03-24 20:31:35,61.994,-49.6678,15.42,83,100,15.95
177,Druzhba,UA,2021-03-24 20:31:36,52.0428,33.9453,26.22,92,39,8.37
178,Houma,US,2021-03-24 20:31:36,29.5958,-90.7195,73.0,68,75,21.85
179,Birao,CF,2021-03-24 20:31:36,10.2849,22.7882,84.54,37,30,5.23
180,Georgetown,MY,2021-03-24 20:31:37,5.4112,100.3354,78.8,94,20,3.44
181,Sibolga,ID,2021-03-24 20:31:37,1.7427,98.7792,75.49,89,100,4.88
182,Ponta Do Sol,PT,2021-03-24 20:31:37,32.6667,-17.1,60.01,67,100,1.99
183,Bakel,SN,2021-03-24 20:31:37,14.905,-12.4568,94.53,12,54,10.0
184,Sitrah,BH,2021-03-24 20:31:38,26.1547,50.6206,78.8,50,0,13.8
185,Heishan,CN,2021-03-24 20:31:38,41.6892,122.1128,47.44,32,5,15.95
186,Narsaq,GL,2021-03-24 20:31:38,60.9167,-46.05,23.0,54,75,5.75
187,Srednekolymsk,RU,2021-03-24 20:31:39,67.45,153.6833,-5.76,97,100,2.37
188,Soderhamn,SE,2021-03-24 20:31:39,61.3037,17.0592,43.0,76,100,3.0
189,Lompoc,US,2021-03-24 20:31:39,34.6391,-120.4579,68.0,32,20,13.8
190,Gravdal,NO,2021-03-24 20:31:39,68.1214,13.5031,41.0,81,75,34.52
191,Balykshi,KZ,2021-03-24 20:31:40,47.0667,51.8667,46.4,76,75,24.61
192,Westport,US,2021-03-24 20:28:41,41.1415,-73.3579,55.99,29,100,1.99
193,Ostrovnoy,RU,2021-03-24 20:31:40,68.0531,39.5131,35.65,96,100,24.2
194,Nicoya,CR,2021-03-24 20:31:40,10.1483,-85.452,91.4,43,20,9.22
195,Calabozo,VE,2021-03-24 20:27:12,8.9242,-67.4293,98.01,26,85,6.71
196,Roma,US,2021-03-24 20:31:41,43.2128,-75.4557,51.8,87,90,9.22
197,Sao Joao Da Barra,BR,2021-03-24 20:31:41,-21.6403,-41.0511,84.2,65,0,12.66
198,Norwich,GB,2021-03-24 20:31:41,52.6278,1.2983,46.99,81,27,5.75
199,Binzhou,CN,2021-03-24 20:31:42,37.3667,118.0167,45.82,49,2,6.85
200,Stephenville,US,2021-03-24 20:31:42,32.2207,-98.2023,73.0,49,75,11.5
201,Nishihara,JP,2021-03-24 20:31:42,26.1842,127.7558,68.0,83,75,12.66
202,Hit,IQ,2021-03-24 20:31:43,33.6416,42.8251,67.98,29,78,18.7
203,Khani,GE,2021-03-24 20:31:43,41.9563,42.9566,41.0,93,75,6.91
204,Berlevag,NO,2021-03-24 20:31:43,70.8578,29.0864,35.6,75,0,11.5
205,Sangar,RU,2021-03-24 20:31:43,63.9242,127.4739,-32.76,100,96,0.78
206,Baruun-Urt,MN,2021-03-24 20:31:44,46.6806,113.2792,29.91,62,4,4.09
207,Yulara,AU,2021-03-24 20:30:10,-25.2406,130.9889,68.0,73,2,8.05
208,Amot,NO,2021-03-24 20:31:44,59.5714,7.9877,23.36,96,26,2.77
209,Esperance,AU,2021-03-24 20:31:44,-33.8667,121.9,51.8,93,86,8.05
210,Madimba,TZ,2021-03-24 20:31:45,-10.4,40.3333,77.0,94,20,8.05
211,Carutapera,BR,2021-03-24 20:31:45,-1.195,-46.02,76.3,92,100,5.66
212,Collie,AU,2021-03-24 20:31:05,-33.3667,116.15,48.15,97,10,3.94
213,Isangel,VU,2021-03-24 20:31:45,-19.55,169.2667,77.59,68,39,6.6
214,Suntar,RU,2021-03-24 20:31:45,62.1444,117.6319,-17.09,100,99,2.26
215,Hofn,IS,2021-03-24 20:31:46,64.2539,-15.2082,39.2,70,75,12.66
216,Taltal,CL,2021-03-24 20:30:21,-25.4,-70.4833,68.67,75,34,7.29
217,Gorele,TR,2021-03-24 20:31:46,41.0308,39.0031,41.0,87,75,14.97
218,Shimoda,JP,2021-03-24 20:31:46,34.6667,138.95,52.0,87,100,7.02
219,Port Shepstone,ZA,2021-03-24 20:31:47,-30.7414,30.455,70.63,76,100,9.22
220,Ocampo,MX,2021-03-24 20:31:47,21.65,-101.5,82.0,22,100,29.84
221,Geraldton,AU,2021-03-24 20:31:18,-28.7667,114.6,57.2,77,0,6.91
222,Ketchikan,US,2021-03-24 20:31:47,55.3422,-131.6461,42.8,81,90,10.36
223,Chernyshevskiy,RU,2021-03-24 20:31:47,63.0128,112.4714,-20.36,100,100,2.21
224,Port Blair,IN,2021-03-24 20:31:48,11.6667,92.75,81.18,78,10,4.72
225,Dingle,PH,2021-03-24 20:31:48,10.9995,122.6711,75.18,92,100,8.25
226,Kaitangata,NZ,2021-03-24 20:31:48,-46.2817,169.8464,55.45,82,56,7.49
227,Vila Velha,BR,2021-03-24 20:31:27,-20.3297,-40.2925,84.2,70,0,12.66
228,Bartica,GY,2021-03-24 20:31:49,6.4,-58.6167,78.8,89,75,11.5
229,Qiryat Gat,IL,2021-03-24 20:29:05,31.61,34.7642,60.01,100,49,7.9
230,Casas Grandes,MX,2021-03-24 20:31:49,30.3667,-107.95,52.18,33,95,21.97
231,Kirakira,SB,2021-03-24 20:31:49,-10.4544,161.9205,81.37,78,94,3.96
232,Ahipara,NZ,2021-03-24 20:31:50,-35.1667,173.1667,64.96,62,0,2.82
233,Gambela,ET,2021-03-24 20:31:50,8.25,34.5833,82.26,51,9,3.8
234,Xingyi,CN,2021-03-24 20:31:50,24.1877,102.817,50.68,83,0,4.54
235,Wuan,CN,2021-03-24 20:31:51,31.6836,112.0044,55.15,79,0,4.76
236,Mandera,KE,2021-03-24 20:31:51,3.9366,41.867,85.66,17,0,4.16
237,Flin Flon,CA,2021-03-24 20:31:51,54.7682,-101.865,17.6,45,90,10.36
238,Nara,JP,2021-03-24 20:31:51,34.6851,135.8049,55.99,76,75,5.75
239,Millinocket,US,2021-03-24 20:30:22,45.6573,-68.7098,57.2,51,1,3.44
240,Margate,GB,2021-03-24 20:31:52,51.3813,1.3862,48.0,74,100,3.0
241,Bambanglipuro,ID,2021-03-24 20:31:52,-7.95,110.2833,76.64,87,100,4.18
242,Aykhal,RU,2021-03-24 20:31:52,66.0,111.5,-10.37,99,100,7.72
243,Birpur,IN,2021-03-24 20:31:53,26.5167,87.0167,73.74,22,0,8.5
244,Kahului,US,2021-03-24 20:27:19,20.8947,-156.47,80.6,69,40,6.91
245,Touros,BR,2021-03-24 20:31:53,-5.1989,-35.4608,82.4,74,75,18.41
246,Inverell,AU,2021-03-24 20:31:53,-29.7833,151.1167,54.0,86,0,2.66
247,Viedma,AR,2021-03-24 20:31:54,-40.8135,-62.9967,63.27,49,100,16.6
248,Cayenne,GF,2021-03-24 20:31:54,4.9333,-52.3333,84.2,70,90,12.66
249,Aklavik,CA,2021-03-24 20:31:54,68.2191,-135.0107,10.4,56,100,5.75
250,Meulaboh,ID,2021-03-24 20:31:54,4.1363,96.1285,74.86,88,100,3.31
251,Erdenet,MN,2021-03-24 20:28:43,49.0333,104.0833,33.64,49,100,3.44
252,Bardsir,IR,2021-03-24 20:28:15,29.9227,56.5743,68.0,22,0,9.22
253,Qiongshan,CN,2021-03-24 20:31:55,20.0058,110.3542,71.6,88,40,4.47
254,Paraibano,BR,2021-03-24 20:31:55,-6.4331,-43.9836,75.6,90,42,3.8
255,Lazaro Cardenas,MX,2021-03-24 20:31:55,17.9583,-102.2,80.65,57,1,9.55
256,Santa Cruz De La Palma,ES,2021-03-24 20:31:56,28.6835,-17.7642,66.2,82,20,12.66
257,Tahoua,NE,2021-03-24 20:31:56,14.8888,5.2692,93.2,12,100,2.3
258,Chingirlau,KZ,2021-03-24 20:31:56,51.095,54.0814,27.91,87,100,12.84
259,Shaowu,CN,2021-03-24 20:31:57,27.3409,117.4831,50.34,92,0,0.63
260,Waipawa,NZ,2021-03-24 20:31:57,-41.4122,175.5153,62.01,77,75,6.91
261,Pangkalanbuun,ID,2021-03-24 20:31:57,-2.6833,111.6167,73.65,95,79,2.04
262,Kendari,ID,2021-03-24 20:29:15,-3.945,122.4989,75.18,94,90,3.22
263,Jocoro,SV,2021-03-24 20:31:57,13.6167,-88.0167,96.8,55,20,6.91
264,Igarka,RU,2021-03-24 20:31:58,67.4667,86.5833,22.35,96,100,9.89
265,Ambilobe,MG,2021-03-24 20:31:58,-13.2,49.05,76.06,91,90,1.5
266,Adrar,MR,2021-03-24 20:31:58,20.5022,-10.0711,77.67,10,0,11.77
267,Epitalion,GR,2021-03-24 20:31:59,37.6333,21.5,51.8,46,20,11.5
268,Myaundzha,RU,2021-03-24 20:31:59,63.0494,147.1858,-13.11,93,100,4.18
269,Buena Vista,US,2021-03-24 20:31:59,43.4203,-83.8986,68.0,52,75,17.27
270,Pochutla,MX,2021-03-24 20:31:59,15.7432,-96.4661,89.01,42,1,23.02
271,Kamina,CD,2021-03-24 20:32:00,-8.7386,24.9906,64.58,95,15,1.52
272,Vung Tau,VN,2021-03-24 20:32:00,10.346,107.0843,79.63,82,97,21.07
273,Vanavara,RU,2021-03-24 20:32:00,60.34,102.2797,12.11,95,100,4.03
274,Rybnoye,RU,2021-03-24 20:32:01,54.7256,39.5119,19.99,97,14,4.18
275,Bodden Town,KY,2021-03-24 20:32:01,19.2833,-81.25,86.0,62,40,12.66
276,Nueva Gerona,CU,2021-03-24 20:32:01,21.8833,-82.8,83.03,62,0,16.55
277,West Bay,KY,2021-03-24 20:32:02,19.3667,-81.4167,86.0,62,40,12.66
278,Kawardha,IN,2021-03-24 20:32:02,22.0167,81.25,75.63,27,0,4.99
279,Sosua,DO,2021-03-24 20:31:08,19.7667,-70.5167,84.2,70,20,17.27
280,Bilibino,RU,2021-03-24 20:32:02,68.0546,166.4372,-0.63,96,100,0.98
281,Sur,OM,2021-03-24 20:32:02,22.5667,59.5289,76.6,62,0,10.51
282,Sihora,IN,2021-03-24 20:32:03,23.4833,80.1167,77.41,24,20,4.99
283,Port Hardy,CA,2021-03-24 20:32:03,50.6996,-127.4199,46.4,87,90,12.66
284,Seymchan,RU,2021-03-24 20:32:03,62.8833,152.4333,-6.74,88,100,8.37
285,Shetpe,KZ,2021-03-24 20:32:04,44.1667,52.1167,43.54,92,81,17.4
286,Muroto,JP,2021-03-24 20:32:04,33.2833,134.15,59.27,69,100,8.05
287,Daru,PG,2021-03-24 20:32:04,-9.0763,143.2092,78.55,86,100,2.42
288,Sawakin,SD,2021-03-24 20:32:04,19.1059,37.3321,79.38,85,6,15.68
289,At-Bashi,KG,2021-03-24 20:32:05,41.1702,75.8106,25.16,54,99,4.88
290,Edd,ER,2021-03-24 20:32:05,13.9297,41.6925,87.06,20,0,19.33
291,Asau,RO,2021-03-24 20:32:05,46.4333,26.4,33.01,57,100,8.01
292,Salinas,US,2021-03-24 20:31:16,36.6777,-121.6555,69.8,23,1,4.61
293,Ilulissat,GL,2021-03-24 20:32:06,69.2167,-51.1,-4.0,71,75,12.66
294,Yarmouth,US,2021-03-24 20:32:06,41.7057,-70.2286,48.99,81,75,5.75
295,Oytal,KZ,2021-03-24 20:32:06,42.9057,73.2697,49.86,52,84,6.49
296,Sorland,NO,2021-03-24 20:32:06,67.667,12.6934,41.0,70,40,44.87
297,Axim,GH,2021-03-24 20:32:07,4.8699,-2.2405,79.95,86,98,7.07
298,Ardakan,IR,2021-03-24 20:29:29,32.31,54.0175,78.8,14,99,11.5
299,Mweka,CD,2021-03-24 20:32:07,-4.85,21.5667,69.58,94,96,1.79
300,Baoshan,CN,2021-03-24 20:32:07,46.5586,131.4244,25.32,89,12,4.25
301,Xinan,CN,2021-03-24 20:32:08,26.72,119.8556,53.13,85,0,4.61
302,Lieksa,FI,2021-03-24 20:32:08,63.3167,30.0167,33.64,92,93,10.11
303,Kologriv,RU,2021-03-24 20:32:08,58.8275,44.3178,33.24,96,99,8.66
304,Talnakh,RU,2021-03-24 20:32:08,69.4865,88.3972,15.22,94,100,9.93
305,Champerico,GT,2021-03-24 20:32:09,14.3,-91.9167,87.8,70,40,11.5
306,Santa Cruz,BO,2021-03-24 20:30:29,-17.8,-63.1667,84.2,65,40,11.5
307,Zlotow,PL,2021-03-24 20:32:09,53.3635,17.0408,42.01,76,16,2.64
308,Hambantota,LK,2021-03-24 20:32:09,6.1241,81.1185,77.9,84,100,7.87
309,Sambava,MG,2021-03-24 20:32:10,-14.2667,50.1667,76.96,89,64,4.07
310,Ribeira Grande,PT,2021-03-24 20:32:10,38.5167,-28.7,59.0,63,20,6.91
311,Tuatapere,NZ,2021-03-24 20:32:10,-46.1333,167.6833,50.0,96,12,1.99
312,Nagpur,IN,2021-03-24 20:30:01,21.15,79.1,75.2,57,20,3.44
313,Nanortalik,GL,2021-03-24 20:32:11,60.1432,-45.2371,20.19,57,19,33.69
314,Lumut,MY,2021-03-24 20:32:11,4.2323,100.6298,77.0,100,40,1.14
315,Illapel,CL,2021-03-24 20:32:11,-31.6308,-71.1653,71.31,52,0,7.34
316,Zhanaozen,KZ,2021-03-24 20:32:12,43.3,52.8,46.98,84,99,16.08
317,Sola,VU,2021-03-24 20:32:12,-13.8833,167.55,80.89,73,80,4.27
318,Sao Filipe,CV,2021-03-24 20:32:12,14.8961,-24.4956,72.3,71,2,17.22
319,Abha,SA,2021-03-24 20:32:12,18.2164,42.5053,64.4,55,0,4.61
320,Chokurdakh,RU,2021-03-24 20:32:13,70.6333,147.9167,-22.2,99,100,5.97
321,Nurota,UZ,2021-03-24 20:32:13,40.5614,65.6886,62.6,36,100,11.5
322,Harbour Breton,CA,2021-03-24 20:32:13,47.4833,-55.7983,38.44,86,15,1.45
323,Ancud,CL,2021-03-24 20:32:13,-41.8697,-73.8203,60.01,51,40,9.22
324,Byron Bay,AU,2021-03-24 20:32:14,-28.65,153.6167,64.99,94,0,7.23
325,Kheralu,IN,2021-03-24 20:32:14,23.8833,72.6167,75.22,13,0,8.41
326,Taywarah,AF,2021-03-24 20:32:14,33.35,64.4167,44.46,32,42,4.21
327,Muravlenko,RU,2021-03-24 20:32:15,63.7898,74.523,6.04,99,71,8.79
328,Quatre Cocos,MU,2021-03-24 20:32:15,-20.2078,57.7625,78.01,94,20,5.75
329,Kloulklubed,PW,2021-03-24 20:32:15,7.0419,134.2556,78.8,89,75,5.75
330,Tikhvin,RU,2021-03-24 20:32:10,59.6451,33.5294,37.0,75,36,3.0
331,Morondava,MG,2021-03-24 20:32:15,-20.2833,44.2833,78.93,76,5,7.83
332,Sitka,US,2021-03-24 20:32:16,57.0531,-135.33,39.2,81,90,18.41
333,Kvitok,RU,2021-03-24 20:32:16,56.0724,98.4813,31.87,75,100,12.68
334,Nantucket,US,2021-03-24 20:30:13,41.2835,-70.0995,41.0,95,100,9.71
335,Amapa,BR,2021-03-24 20:32:16,1.0,-52.0,70.79,99,100,0.65
336,Severo-Kurilsk,RU,2021-03-24 20:32:17,50.6789,156.125,24.89,65,81,13.82
337,Chara,RU,2021-03-24 20:32:17,56.9064,118.2631,9.72,87,90,1.92
338,Ha Giang,VN,2021-03-24 20:32:17,22.8333,104.9833,67.62,93,99,2.37
339,Sao Miguel Do Araguaia,BR,2021-03-24 20:32:18,-13.275,-50.1628,80.35,73,97,5.03
340,Balsas,BR,2021-03-24 20:32:18,-7.5325,-46.0356,79.54,79,93,3.04
341,Cedar City,US,2021-03-24 20:32:18,37.6775,-113.0619,45.0,36,40,8.05
342,Pisco,PE,2021-03-24 20:32:18,-13.7,-76.2167,75.2,64,0,25.32
343,Sulangan,PH,2021-03-24 20:32:19,11.1373,123.7228,81.37,78,89,13.38
344,Nemuro,JP,2021-03-24 20:32:19,43.3236,145.575,36.03,91,100,8.9
345,Honiara,SB,2021-03-24 20:32:19,-9.4333,159.95,80.33,80,35,2.68
346,Te Anau,NZ,2021-03-24 20:32:19,-45.4167,167.7167,52.43,87,63,0.22
347,Karratha,AU,2021-03-24 20:32:20,-20.7377,116.8463,80.85,65,7,5.88
348,Jacareacanga,BR,2021-03-24 20:32:20,-6.2222,-57.7528,89.6,70,40,4.61
349,Inyonga,TZ,2021-03-24 20:32:20,-6.7167,32.0667,63.7,95,85,3.71
350,Fort Nelson,CA,2021-03-24 20:32:21,58.8053,-122.7002,17.6,62,75,4.61
351,Tucumcari,US,2021-03-24 20:32:21,35.1717,-103.725,33.8,93,90,13.8
352,Opmeer,NL,2021-03-24 20:32:21,52.7067,4.9444,46.0,83,100,1.01
353,Marawi,PH,2021-03-24 20:32:21,7.9986,124.2928,73.0,91,98,5.01
354,Sitio Novo Do Tocantins,BR,2021-03-24 20:32:22,-5.5183,-47.4611,89.6,62,20,5.75
355,Texarkana,US,2021-03-24 20:28:50,33.4251,-94.0477,77.0,38,1,9.22
356,Terrasini,IT,2021-03-24 20:32:22,38.146,13.0844,53.6,50,20,8.05
357,Khartoum,SD,2021-03-24 20:32:22,15.5518,32.5324,93.99,12,0,3.0
358,Greymouth,NZ,2021-03-24 20:32:23,-42.4667,171.2,58.05,79,27,2.51
359,Veraval,IN,2021-03-24 20:32:23,20.9,70.3667,79.63,42,0,11.54
360,Kholm,RU,2021-03-24 20:32:23,59.2667,32.85,35.17,93,18,10.04
361,North Bend,US,2021-03-24 20:32:23,43.4065,-124.2243,46.99,93,90,8.05
362,Nome,US,2021-03-24 20:31:31,64.5011,-165.4064,28.99,86,90,13.8
363,Faya,SA,2021-03-24 20:32:24,18.3851,42.4509,64.4,55,0,4.61
364,Loreto,MX,2021-03-24 20:32:24,22.2667,-101.9667,77.52,8,100,29.93
365,Nyurba,RU,2021-03-24 20:32:24,63.2842,118.3319,-18.83,100,100,2.68
366,Holetown,BB,2021-03-24 20:32:25,13.1867,-59.6381,82.4,51,40,17.27
367,Eureka,US,2021-03-24 20:32:25,40.8021,-124.1637,55.99,76,100,8.99
368,Yar-Sale,RU,2021-03-24 20:32:25,66.8333,70.8333,12.42,94,96,10.2
369,Souillac,MU,2021-03-24 20:32:25,-20.5167,57.5167,75.2,94,20,5.75
370,Iracoubo,GF,2021-03-24 20:32:26,5.4802,-53.2011,78.96,81,49,10.51
371,Shakhunya,RU,2021-03-24 20:32:26,57.6758,46.6114,28.11,97,88,6.62
372,San Cristobal,VE,2021-03-24 20:32:26,7.7669,-72.225,84.2,65,40,6.91
373,Kaifeng,CN,2021-03-24 20:32:27,34.7911,114.3483,53.6,76,92,2.24
374,Saldanha,ZA,2021-03-24 20:32:27,-33.0117,17.9442,75.2,50,5,2.3
375,Bilma,NE,2021-03-24 20:32:27,18.6853,12.9164,76.42,9,1,13.82
376,Alugan,PH,2021-03-24 20:32:27,12.2188,125.4808,78.26,85,91,10.22
377,Rio Cauto,CU,2021-03-24 20:32:28,20.5603,-76.9161,91.4,35,40,13.8
378,Ballina,AU,2021-03-24 20:32:28,-28.8667,153.5667,64.99,94,0,7.72
379,Richards Bay,ZA,2021-03-24 20:28:18,-28.783,32.0377,70.57,66,100,2.86
380,Blackwater,AU,2021-03-24 20:32:28,-23.5833,148.8833,73.9,58,0,5.32
381,Port Augusta,AU,2021-03-24 20:32:29,-32.5,137.7667,57.0,87,1,5.75
382,Ulaangom,MN,2021-03-24 20:32:29,49.9811,92.0667,15.75,60,4,5.7
383,Lebyazhye,RU,2021-03-24 20:32:29,55.2689,66.4947,23.99,94,100,13.67
384,Sompeta,IN,2021-03-24 20:32:29,18.9333,84.6,80.17,47,0,4.88
385,Nouadhibou,MR,2021-03-24 20:32:30,20.931,-17.0347,64.4,94,0,14.97
386,Faanui,PF,2021-03-24 20:32:30,-16.4833,-151.75,83.55,73,100,22.19
387,Vila Do Maio,CV,2021-03-24 20:32:30,15.1333,-23.2167,69.8,78,0,17.27
388,Ust-Ishim,RU,2021-03-24 20:32:30,57.6935,71.1665,28.15,92,100,8.72
389,Oyama,JP,2021-03-24 20:32:31,36.3,139.8,60.01,81,75,3.44
390,Itoman,JP,2021-03-24 20:32:31,26.1247,127.6694,68.0,83,75,12.66
391,Broome,US,2021-03-24 20:32:31,42.2506,-75.833,54.0,93,90,17.27
392,Albury,AU,2021-03-24 20:30:07,-36.0833,146.9167,61.0,100,75,10.36
393,Klaksvik,FO,2021-03-24 20:32:32,62.2266,-6.589,37.4,87,20,2.3
394,Carora,VE,2021-03-24 20:32:32,10.1755,-70.0827,84.51,52,100,11.05
395,Lodja,CD,2021-03-24 20:32:32,-3.4833,23.4333,70.59,96,100,0.87
396,Marrakesh,MA,2021-03-24 20:30:06,31.6315,-8.0083,71.6,23,0,8.05
397,Loyga,RU,2021-03-24 20:32:33,61.0784,44.6075,34.43,93,100,11.45
398,French Harbor,HN,2021-03-24 20:32:33,16.35,-86.4333,86.0,79,20,19.57
399,Chicama,PE,2021-03-24 20:32:33,-7.8447,-79.1469,71.6,83,40,8.05
400,Kavaratti,IN,2021-03-24 20:32:34,10.5669,72.642,82.2,77,72,6.42
401,Nisia Floresta,BR,2021-03-24 20:32:34,-6.0911,-35.2086,82.4,74,40,14.97
402,Lyuban,BY,2021-03-24 20:32:34,52.7985,28.0048,29.39,72,12,2.1
403,Tura,IN,2021-03-24 20:32:35,25.5198,90.2201,74.19,22,33,3.8
404,Las Vegas,US,2021-03-24 20:30:09,36.175,-115.1372,64.99,15,1,14.97
405,Bahia Blanca,AR,2021-03-24 20:30:09,-38.7196,-62.2724,67.5,60,43,20.4
406,Young,UY,2021-03-24 20:32:35,-32.6833,-57.6333,81.0,69,71,3.0
407,Salihorsk,BY,2021-03-24 20:32:35,52.7876,27.5415,29.26,73,11,1.9
408,Fare,PF,2021-03-24 20:32:36,-16.7,-151.0167,83.34,74,76,22.15
409,Batticaloa,LK,2021-03-24 20:32:36,7.7102,81.6924,79.57,82,69,5.37
410,Sukabumi,ID,2021-03-24 20:32:36,-6.9181,106.9267,82.0,95,100,1.99
411,Inuvik,CA,2021-03-24 20:32:36,68.3499,-133.7218,10.4,56,100,5.75
412,Tecpan,GT,2021-03-24 20:32:37,14.7623,-90.9947,77.0,50,40,13.8
413,Coruripe,BR,2021-03-24 20:32:37,-10.1256,-36.1756,78.66,77,11,9.62
414,Bonthe,SL,2021-03-24 20:32:37,7.5264,-12.505,79.12,78,100,7.05
415,Sao Caetano De Odivelas,BR,2021-03-24 20:32:37,-0.75,-48.02,75.36,93,100,8.66
416,Mariana,BR,2021-03-24 20:32:38,-20.3778,-43.4161,71.26,82,8,1.36
417,Union,US,2021-03-24 20:32:38,40.6334,-74.2663,55.4,93,90,8.05
418,Sayyan,YE,2021-03-24 20:32:38,15.1718,44.3244,57.58,22,0,1.88
419,Sicuani,PE,2021-03-24 20:32:39,-14.2694,-71.2261,55.22,61,100,5.77
420,Harrismith,ZA,2021-03-24 20:32:39,-28.2728,29.1295,52.23,97,100,5.06
421,Lagos,NG,2021-03-24 20:31:13,6.5833,3.75,80.6,83,20,3.13
422,Samarai,PG,2021-03-24 20:32:39,-10.6167,150.6667,80.87,78,98,5.12
423,Nelson Bay,AU,2021-03-24 20:32:40,-32.7167,152.15,66.0,72,24,9.22
424,Santa Catarina De Tepehuanes,MX,2021-03-24 20:32:40,25.35,-105.7333,66.85,7,68,30.71
425,Abbeville,FR,2021-03-24 20:30:20,50.1,1.8333,45.0,81,100,4.47
426,Noumea,NC,2021-03-24 20:32:40,-22.2763,166.4572,77.0,69,0,5.75
427,Jumla,NP,2021-03-24 20:32:41,29.2747,82.1838,34.16,76,8,5.91
428,Peniche,PT,2021-03-24 20:32:41,39.3558,-9.3811,53.01,74,51,4.0
429,Atherton,GB,2021-03-24 20:32:41,53.5237,-2.4935,48.99,58,95,3.0
430,Haines Junction,CA,2021-03-24 20:32:42,60.7522,-137.5108,24.8,33,97,4.61
431,Shelburne,CA,2021-03-24 20:32:42,44.0787,-80.2041,64.4,59,75,13.8
432,Singkang,MY,2021-03-24 20:32:42,2.1006,102.7994,75.2,94,40,3.27
433,Varberg,SE,2021-03-24 20:32:42,57.1056,12.2508,42.01,93,100,13.0
434,Nigde,TR,2021-03-24 20:32:43,37.8333,34.75,29.25,89,69,5.23
435,Bathsheba,BB,2021-03-24 20:32:43,13.2167,-59.5167,82.4,51,40,17.27
436,Skjern,DK,2021-03-24 20:32:43,55.95,8.5,44.01,79,100,1.99
437,Codrington,AU,2021-03-24 20:32:43,-38.2667,141.9667,56.53,81,72,9.84
438,Teguise,ES,2021-03-24 20:32:44,29.0605,-13.564,69.8,60,0,6.91
439,Kijang,KR,2021-03-24 20:31:26,35.2442,129.2139,51.8,76,0,4.61
440,Marietta,US,2021-03-24 20:29:08,33.9526,-84.5499,75.0,53,75,9.22
441,Monkey Bay,MW,2021-03-24 20:32:44,-14.0728,34.9201,74.86,82,7,14.56
442,Severodvinsk,RU,2021-03-24 20:32:44,64.5635,39.8302,41.0,70,20,8.95
443,Kingaroy,AU,2021-03-24 20:32:45,-26.5333,151.8333,53.6,100,0,3.4
444,Presidencia Roque Saenz Pena,AR,2021-03-24 20:32:45,-26.7852,-60.4388,91.0,53,49,4.0
445,Caraquet,CA,2021-03-24 20:31:25,47.7941,-64.9386,46.4,49,100,5.75
446,Shumyachi,RU,2021-03-24 20:32:45,53.8583,32.4242,20.77,97,34,3.0
447,Terney,RU,2021-03-24 20:32:46,45.0503,136.6092,33.96,89,99,4.79
448,Panguna,PG,2021-03-24 20:32:46,-6.3164,155.4848,71.98,85,95,2.21
449,Provideniya,RU,2021-03-24 20:32:47,64.3833,-173.3,10.89,94,80,5.5
450,Tateyama,JP,2021-03-24 20:32:47,34.9833,139.8667,57.99,65,100,1.01
451,Erenhot,CN,2021-03-24 20:32:47,43.6475,111.9767,41.88,25,69,10.11
452,Ossora,RU,2021-03-24 20:32:47,59.2353,163.0719,19.11,91,100,11.65
453,Zhigansk,RU,2021-03-24 20:32:48,66.7697,123.3711,-30.46,100,100,3.8
454,Perelyub,RU,2021-03-24 20:32:48,51.8667,50.3667,31.33,91,100,16.35
455,Teya,RU,2021-03-24 20:32:48,60.3778,92.6267,23.04,96,98,5.66
456,Plettenberg Bay,ZA,2021-03-24 20:32:49,-34.0527,23.3716,66.18,89,100,10.27
457,Pali,IN,2021-03-24 20:32:49,25.7667,73.3333,73.09,18,38,8.39
458,Gobabis,NA,2021-03-24 20:32:49,-22.45,18.9667,71.83,62,96,2.24
459,Carlisle,US,2021-03-24 20:32:49,40.2015,-77.1889,55.0,83,100,2.42
460,Vanimo,PG,2021-03-24 20:32:50,-2.6741,141.3028,77.09,86,100,4.23
461,Usinsk,RU,2021-03-24 20:32:50,65.9939,57.5281,19.67,97,69,11.45
462,Portland,US,2021-03-24 20:28:16,45.5234,-122.6762,46.4,76,90,5.75
463,Micheweni,TZ,2021-03-24 20:32:50,-4.9667,39.8333,81.39,72,12,5.66
464,Yatou,CN,2021-03-24 20:32:51,37.15,122.3833,42.89,69,0,3.44
465,Kalmunai,LK,2021-03-24 20:32:51,7.4167,81.8167,78.22,85,93,4.29
466,Khor,RU,2021-03-24 20:32:51,47.8861,134.9464,10.76,92,5,2.39
467,The Valley,AI,2021-03-24 20:32:18,18.217,-63.0578,82.4,69,20,12.66
468,Coihaique,CL,2021-03-24 20:32:52,-45.5752,-72.0662,59.0,44,0,4.61
469,Kantunilkin,MX,2021-03-24 20:32:52,21.0917,-87.45,84.2,65,40,17.27
470,Vestmannaeyjar,IS,2021-03-24 20:32:52,63.4427,-20.2734,36.59,55,100,12.73
471,Laguna,US,2021-03-24 20:32:52,38.421,-121.4238,68.0,22,1,5.75
472,Inhambane,MZ,2021-03-24 20:32:53,-23.865,35.3833,75.2,69,20,5.75
473,Buala,SB,2021-03-24 20:32:53,-8.145,159.5921,81.55,76,91,3.56
474,Tucuman,AR,2021-03-24 20:30:14,-26.8241,-65.2226,80.6,65,75,0.72
475,Pangnirtung,CA,2021-03-24 20:32:53,66.1451,-65.7125,-23.8,57,40,2.3
476,Bonavista,CA,2021-03-24 20:32:54,48.6499,-53.1147,43.0,56,83,4.61
477,Quelimane,MZ,2021-03-24 20:32:54,-17.8786,36.8883,78.8,83,20,2.3
478,Lufilufi,WS,2021-03-24 20:32:54,-13.8745,-171.5986,86.0,79,40,4.61
479,Gorom-Gorom,BF,2021-03-24 20:32:54,14.4439,-0.2361,90.88,12,100,17.47
480,Berdigestyakh,RU,2021-03-24 20:32:55,62.0989,126.6992,-29.4,100,97,1.5
481,Ransang,PH,2021-03-24 20:32:55,8.9603,117.5828,78.66,82,99,3.6
482,Broken Hill,AU,2021-03-24 20:32:37,-31.95,141.4333,57.2,77,0,6.91
483,Wasco,US,2021-03-24 20:32:10,35.5941,-119.341,70.0,33,1,4.9
484,Issia,CI,2021-03-24 20:32:55,6.4922,-6.5856,74.35,88,100,1.7
485,Puerto Escondido,MX,2021-03-24 20:32:56,15.85,-97.0667,86.0,79,1,9.22
486,Rowlett,US,2021-03-24 20:32:56,32.9029,-96.5639,79.0,41,1,11.5
487,Punta De Bombon,PE,2021-03-24 20:32:56,-17.1717,-71.7931,72.63,73,44,8.48
488,Los Llanos De Aridane,ES,2021-03-24 20:32:57,28.6585,-17.9182,66.2,82,20,12.66
489,Anadyr,RU,2021-03-24 20:32:57,64.75,177.4833,8.6,78,40,17.9
490,Lakes Entrance,AU,2021-03-24 20:32:57,-37.8811,147.981,60.01,89,80,16.42
491,Concordia,AR,2021-03-24 20:29:12,-31.393,-58.0209,84.2,61,75,8.05
492,Buraydah,SA,2021-03-24 20:32:57,26.326,43.975,82.4,28,0,9.22
493,Barreirinha,BR,2021-03-24 20:32:58,-2.7933,-57.07,78.8,92,59,2.73
494,Tunduma,TZ,2021-03-24 20:32:58,-9.3,32.7667,58.37,97,96,4.05
495,Beloha,MG,2021-03-24 20:32:58,-25.1667,45.05,68.27,86,0,4.61
496,Havoysund,NO,2021-03-24 20:32:59,70.9963,24.6622,39.2,65,0,14.97
497,Natalinsk,RU,2021-03-24 20:32:59,56.4739,57.8698,24.31,93,90,8.34
498,Sibu,MY,2021-03-24 20:32:59,2.3,111.8167,77.0,94,40,3.44
499,Juba,SS,2021-03-24 20:32:59,4.8517,31.5825,87.24,24,71,4.74
500,La Asuncion,VE,2021-03-24 20:33:00,11.0333,-63.8628,78.48,75,34,17.87
501,Bogorodskoye,RU,2021-03-24 20:33:00,56.55,37.8833,30.67,95,96,3.91
502,Flagstaff,US,2021-03-24 20:28:26,35.1981,-111.6513,37.99,60,90,5.75
503,Cuamba,MZ,2021-03-24 20:33:00,-14.8031,36.5372,66.79,96,1,4.38
504,Ndende,GA,2021-03-24 20:33:01,-2.4008,11.3581,72.14,96,100,1.77
505,Tazovskiy,RU,2021-03-24 20:32:12,67.4667,78.7,5.2,99,88,7.2
506,Kiama,AU,2021-03-24 20:33:01,-34.6833,150.8667,69.01,77,51,1.99
507,Zaranj,AF,2021-03-24 20:33:01,30.9667,61.8833,69.8,19,0,6.91
508,Cortalim,IN,2021-03-24 20:33:01,15.3833,73.8833,82.4,74,75,5.75
509,Deputatskiy,RU,2021-03-24 20:33:02,69.3,139.9,-21.26,99,100,2.53
510,College,US,2021-03-24 20:33:02,64.8569,-147.8028,18.0,73,90,3.49
511,Camacha,PT,2021-03-24 20:33:02,33.0833,-16.3333,62.6,77,40,14.97
512,Bali Chak,IN,2021-03-24 20:33:03,22.3667,87.55,78.53,47,23,3.91
513,Bembereke,BJ,2021-03-24 20:33:03,10.2283,2.6634,87.6,39,100,9.19
514,Pindiga,NG,2021-03-24 20:33:03,9.9833,10.9333,83.44,47,69,12.59
515,Dolneni,MK,2021-03-24 20:33:03,41.4253,21.4547,33.8,93,40,1.14
516,San Patricio,US,2021-03-24 20:33:04,28.017,-97.5169,86.0,54,40,14.97
517,Goderich,CA,2021-03-24 20:33:04,43.7501,-81.7165,68.0,52,97,14.97
518,Myitkyina,MM,2021-03-24 20:33:04,25.3833,97.4,65.7,39,4,1.57
519,Poshekhonye,RU,2021-03-24 20:33:05,58.4993,39.1353,30.72,98,72,7.67
520,Jining,CN,2021-03-24 20:33:05,35.405,116.5814,51.19,77,86,4.65
521,Henties Bay,NA,2021-03-24 20:33:05,-22.116,14.2845,63.0,93,10,5.99
522,Takanosu,JP,2021-03-24 20:33:05,40.2219,140.3694,42.08,77,100,2.82
523,Maldonado,UY,2021-03-24 20:33:06,-34.6667,-54.9167,79.0,57,20,3.44
524,Naze,JP,2021-03-24 20:33:06,28.3667,129.4833,61.75,92,100,12.93
525,Baykit,RU,2021-03-24 20:32:14,61.67,96.37,19.94,96,100,3.02
526,Nueve De Julio,AR,2021-03-24 20:31:40,-35.4444,-60.8831,75.99,72,61,8.99
527,Estelle,US,2021-03-24 20:33:06,29.8458,-90.1067,73.0,73,75,11.5
528,Pundaguitan,PH,2021-03-24 20:33:07,6.3711,126.1689,80.37,78,100,10.76
529,Fuling,CN,2021-03-24 20:33:07,29.7022,107.3919,61.66,67,88,3.87
530,Prince Rupert,CA,2021-03-24 20:30:05,54.3161,-130.3201,42.8,93,90,11.5
531,Bethel,US,2021-03-24 20:33:07,41.3712,-73.414,59.0,58,90,8.05
532,Acapulco,MX,2021-03-24 20:33:08,16.8634,-99.8901,86.0,54,1,5.75
533,Guerrero Negro,MX,2021-03-24 20:33:08,27.9769,-114.0611,63.59,56,0,17.81
534,Ternate,ID,2021-03-24 20:33:08,0.8,127.4,77.88,86,100,6.44
535,Dauphin,CA,2021-03-24 20:33:08,51.1494,-100.0502,23.0,58,1,9.22
536,Kawalu,ID,2021-03-24 20:33:09,-7.3817,108.2082,73.33,95,100,2.35
537,Palompon,PH,2021-03-24 20:33:09,11.0508,124.3843,77.38,85,89,4.85
538,Maceio,BR,2021-03-24 20:33:09,-9.6658,-35.7353,75.2,88,75,6.91
539,Shubarkuduk,KZ,2021-03-24 20:33:10,49.1447,56.4872,31.95,81,100,18.03
540,Ende,ID,2021-03-24 20:33:10,-8.8432,121.6623,76.98,84,72,1.7
541,Southbridge,US,2021-03-24 20:33:10,42.0751,-72.0334,61.0,33,100,4.0
542,Ankang,CN,2021-03-24 20:33:11,32.68,109.0172,56.17,65,4,3.71
543,Superior,US,2021-03-24 20:29:13,46.7208,-92.1041,39.2,81,90,10.36
544,San Quintin,MX,2021-03-24 20:33:11,30.4833,-115.95,61.02,63,0,11.41
545,Coquimbo,CL,2021-03-24 20:31:35,-29.9533,-71.3436,66.2,68,0,11.5
546,Kozienice,PL,2021-03-24 20:33:11,51.5829,21.5478,44.01,97,95,3.31
547,Gat,IL,2021-03-24 20:33:12,31.61,34.7642,60.01,100,48,10.04
548,Kamloops,CA,2021-03-24 20:33:12,50.6665,-120.3192,51.8,43,75,9.22
549,Kalbay,PH,2021-03-24 20:33:12,5.7233,125.4986,75.83,82,94,8.77
550,Visby,SE,2021-03-24 20:33:12,57.6409,18.296,46.4,66,90,17.27
551,Chatakonda,IN,2021-03-24 20:33:13,17.55,80.65,79.12,47,0,3.44
552,Powell,US,2021-03-24 20:33:13,40.1578,-83.0752,73.4,43,75,19.57
553,Laredo,US,2021-03-24 20:30:05,27.5064,-99.5075,93.2,21,1,9.22
554,Rumuruti,KE,2021-03-24 20:33:13,0.267,36.5389,62.44,61,83,11.99
555,Nanakuli,US,2021-03-24 20:33:14,21.3906,-158.1547,78.01,83,75,11.5
556,Havelock,US,2021-03-24 20:33:14,34.8791,-76.9013,70.0,78,90,11.5
557,Palauig,PH,2021-03-24 20:33:14,15.435,119.9045,78.6,71,50,3.11
558,Visnes,NO,2021-03-24 20:33:15,59.3556,5.2242,43.0,87,20,16.11
559,Mongoumba,CF,2021-03-24 20:33:15,3.6415,18.5936,71.19,91,100,1.95
560,Tutoia,BR,2021-03-24 20:33:15,-2.7619,-42.2744,78.82,82,87,9.48
561,Antalaha,MG,2021-03-24 20:33:15,-14.9003,50.2788,75.47,90,29,3.94
562,Kolvereid,NO,2021-03-24 20:33:16,64.8655,11.6047,41.0,87,40,24.16
563,Sheltozero,RU,2021-03-24 20:33:16,61.3667,35.3667,37.02,87,100,17.22
564,Bekessamson,HU,2021-03-24 20:33:16,46.4167,20.6333,37.99,51,0,1.14
565,Thunder Bay,CA,2021-03-24 20:33:17,48.4001,-89.3168,26.6,86,90,8.05
566,Mount Isa,AU,2021-03-24 20:33:17,-20.7333,139.5,75.2,64,75,8.05
567,Whitecourt,CA,2021-03-24 20:33:17,54.1502,-115.6855,35.6,87,90,3.44
568,Cacule,BR,2021-03-24 20:33:17,-14.5033,-42.2222,79.63,32,0,4.81
569,Nadym,RU,2021-03-24 20:33:18,65.5333,72.5167,5.13,94,26,9.24
570,Ixtapa,MX,2021-03-24 20:33:18,20.7,-105.2,75.2,64,40,9.22
571,Maba,CN,2021-03-24 20:33:18,24.6841,113.5984,59.2,64,0,1.86
572,Barra Do Garcas,BR,2021-03-24 20:33:19,-15.89,-52.2567,89.6,48,0,9.22
573,Vestby,NO,2021-03-24 20:33:19,59.6024,10.7467,45.0,75,32,8.01
574,Necochea,AR,2021-03-24 20:33:19,-38.5473,-58.7368,77.31,52,13,2.13
575,Ust-Kulom,RU,2021-03-24 20:33:20,61.6864,53.6902,31.57,91,100,5.88
576,Ewa Beach,US,2021-03-24 20:29:59,21.3156,-158.0072,78.8,83,75,11.5
577,Kashan,IR,2021-03-24 20:33:20,33.9831,51.4364,77.76,20,60,20.29
578,Severobaykalsk,RU,2021-03-24 20:33:20,55.65,109.3167,18.09,91,93,4.18
579,Mehamn,NO,2021-03-24 20:33:21,71.0357,27.8492,39.2,75,0,21.85
580,Marana,US,2021-03-24 20:33:21,32.4367,-111.2254,63.0,29,75,11.5
581,Bulancak,TR,2021-03-24 20:33:21,40.9372,38.2291,41.0,75,75,9.22
582,Chazuta,PE,2021-03-24 20:33:21,-6.5742,-76.1367,84.2,70,75,3.44
583,Skerries,IE,2021-03-24 20:33:22,53.5828,-6.1083,48.99,76,20,10.36
